Attack Type,total_loss,avg_loss,count
DDoS,10545663,785.3487488829312,13428
Intrusion,10358962,780.924387485865,13265
Malware,10353484,778.0479446907642,13307
